{
	"picnic":{
		"0":[0,0,90],
		"1":[3,0,90],
		"2":[0,3,270],
		"3":[3,3,270]
	},
	"hex":{
		"0":[0,0,45],
		"1":[0,2,-45],
		"2":[2,0,135],
		"3":[2,2,225],
		"4":[-0.5,0.5,-30],
		"5":[-0.5,1.5,30]
	},
	"circle-6":{
		"0":[5.0, 0.0, 180], 
		"1":[2.5, 4.330127018922193, 240], 
		"2":[-2.5, 4.3301270189221945, 300], 
		"3":[-5.0, 0, 0], 
		"4":[-2.5, -4.330127018922192, 60], 
		"5":[2.5, -4.330127018922193, 120]
	}
}